isafro@udel.edu Ilya Tyagin
bpulend@stanford.edu Prabhu S Arunachalam
pewang@uchc.edu Duomeng Yang
dvignali@pitt.edu Anthony R Cillo
meredith.stewart@glasgow.ac.uk Agnieszka M Szemiel
daniel.rawle@qimrberghofer.edu.au Daniel J Rawle
aschmidt@crystal.harvard.edu Jared Feldman
esatue.tgn.ics@gencat.cat Eva M SATUE-GRACIA
ecolman@ed.ac.uk Ewan Colman
alba.perez@iata.csic.es Alba Perez-Cataluna
paddy.mallon@ucd.ie Patrick W.G. Mallon
nweber@vivet-therapeutics.com Nick Weber
mohammad.dabbah@huma.com Mohammad A. Dabbah
henrique.diegoli@gmail.com Henrique Diegoli
daniel.smith2@emory.edu Daniel J Smith
sergio.ibarra@usp.br Sergio Ibarra-Espinosa
parag007us@gmail.com A T M Hasibul Hasan
sergio.celaschi@cti.gov.br Sergio Celaschi
simon.rella@ist.ac.at Simon Rella
steve.simpsonyap@unimelb.edu.au Steve Simpson-Yap
max.fels@gmail.com J. Maximilian Fels
ikram-ayan@hotmail.fr Ikram Omar OSMAN
jlotempio@gwu.edu Jonathan Edward LoTempio Jr.
jogleeson@health.ucsd.edu Lu Wang
romain.volmer@envt.fr Pierre Bessière
sl682@columbia.edu Marianna Zazhytska
ranjit.ray@health.slu.edu Subhayan Sur
jstuart@ucsc.edu Nathan D Maulding
awli@epigentek.com Michael G. Spelios
yvbalbin@finlay.edu.cu Yury Valdes-Balbin
dkaufman@mednet.ucla.edu Jide Tian
schuckp@mail.nih.gov Huaying Zhao
mpeters@vcu.edu Michael H. Peters
ktgagnon@siu.edu Adrian A. Pater
wzhw@nju.edu.cn Xilin Wu
eran.segal@weizmann.ac.il Hagai Rossman
hildemarie.engjom@fhi.no Hilde Engjom
mcguine@ortho.wisc.edu Timothy A. McGuine
j.panovska-griffiths@ucl.ac.uk J. Panovska-Griffiths
angela.henderson@glasgow.ac.uk Angela Henderson
christoph.schmaderer@mri.tum.de Stanislas Werfel
ammurcia@umh.es Antonio Martínez-Murcia
ronald.chow@yale.edu Ronald Chow
nalu.navarroa@incmnsz.mx Eduardo Cervantes-Alvarez
nkaseje@gmail.com Neema Kaseje
pamar419@gmail.com Amar Prashad Chaudhary
danilobuonsenso@gmail.com Martin Brizuela
tlipnia@ippt.pan.pl Frederic Grabowski
michael.dewitt@conehealth.com Michael DeWitt
ben.swallow@glasgow.ac.uk Wen Xiang
d.nikolov88@gmail.com Iana Simova
Nicholas.wilson@nhs.scot Nick M. Wilson
ramin.herati@nyulangone.org Marie I. Samanovic
roopa.biswas@usuhs.edu Roopa Biswas
david.glass@regeneron.com Megan McAleavy
david.batty@ucl.ac.uk G. David Batty
rlucinde@kemri-wellcome.org R. Lucinde
jorge.canari@outlook.com Jorge L. Cañari-Casaño
E.david.batty@ucl.ac.uk G. David Batty
carsonc@nih.gov Osman N. Yogurtcu
mealser@gmail.com Mohammed Alser
tsbrown@mgh.harvard.edu Tyler S. Brown
yamamoto@med.u-toyama.ac.jp Hitoshi Kawasuji
claudia.kedor@charite.de C Kedor
akudrolli@clarku.edu Arshad Kudrolli
e.sapey@bham.ac.uk Dr Catherine Atkin
idany@technion.ac.il Matan Levine-Tiefenbrun
aunkmeir@hygiene.uni-wuerzburg.de Manuel Krone
david.paltiel@yale.edu A. David Paltiel
rubina.sarki@live.vu.edu.au Rubina Sarki
simongane@nhs.net Jane K. Parker
haiquan@arizona.edu Haiquan Li
gyaneshwer.chaubey@bhu.ac.in Prajjval Pratap Singh
chobbs@umc.edu Charlotte V. Hobbs
david.mcallister@glasgow.ac.uk Fenton Lynda
andersen@scripps.edu Mark Zeller
egrundberg@cmh.edu Konner Winkley
amcguire@fredhutch.org Leonidas Stamatatos
harlan.krumholz@yale.edu Daisy Massey
hintissa@uwo.ca Intissar Harizi
sgreenhalgh@siena.edu Scott Greenhalgh
eo9tv@virginia.edu Eric J. Oh
aleman@mie.utoronto.ca Dionne M. Aleman
ecsendmail@gmail.com Ernie Chang
sean.clouston@stonybrookmedicine.edu Sean A. P. Clouston
amaku@usp.br Marcos Amaku
maria.rescigno@hunimed.eu Riccardo Levi
a24ogata@icloud.com Shoji Kawada
gjpattij@wustl.edu Miriam Sindelar
simon.grandjean.lapierre@umontreal.ca Patrick Benoit
dailp@im.ac.cn Kun Xu
ron.herings@pd-groep.nl Ron MC Herings
cameron.zachreson@unimelb.edu.au Cameron Zachreson
cazelles@biologie.ens.fr Bernard Cazelles
r.j.fry@swansea.ac.uk Daniel A Thompson
fabusuyi@umich.edu Tayo Fabusuyi
m.l.james@swansea.ac.uk Dr Michaela James
julie.ayre@sydney.edu.au J Ayre
tr.tugba.akman@gmail.com Tuğba Akman Yıldız
sarahwalsh1@nhs.net Dr Sarah Walsh
shinjini.bhatnagar@thsti.res.in Ramachandran Thiruvengadam
t-mcdade@northwestern.edu Thomas W. McDade
nahal.mansouri@chuv.ch Elham Jamshidi
adi.bejan@vanderbilt.edu Cosmin A. Bejan
mona.bafadhel@ndm.ox.ac.uk Sanjay Ramakrishnan
amalani@uchicago.edu Anup Malani
chawlam70@gmail.com Rakesh Sarkar
philipp.zanger@uni-heidelberg.de Dr. sc. hum. Anja Schoeps
zhz9010@med.cornell.edu Sabrina E. Racine-Brzostek
didier.raoult@gmail.com Marielle Bedotto
emily.adams@lstmed.ac.uk Thomas Edwards
liyinv@caas.cn Xingjian Liu
bluan@us.ibm.com Binquan Luan
qbaldwin8382@tuskegee.edu Quenisha Baldwin
Zhan499@usc.edu Youliang Rao
cbausch@sabbiotherapeutics.com Zhuoming Liu
dengsujun@jemincare.com Chunyin Gu
nathaniel.landau@med.nyu.edu Takuya Tada
nicole.washington@helix.com Nicole L. Washington
chia-lin.wei@jax.org Chee Hong Wong
ameet.dravid@gmail.com Ameet Dravid
pcoyle@hamad.qa Peter V. Coyle
Donogh.Maguire@glasgow.ac.uk Donogh Maguire
walter.doerfler@t-online.de Stefanie Weber
marathe@virginia.edu Jiangzhuo Chen
nahal.mansouri@chuv.ch Elham Jamshidi
simon.wood@ed.ac.uk S. N. Wood
elisa.maietti2@unibo.it Manfredi Greco
jeremy.warner@vumc.org Michael A. Thompson
mohammadabdullah_786@hotmail.com Dr. Karamat Hussain Shah Bukhari
c-knudson@uiowa.edu Molly A. Vickers
marco.ajelli@gmail.com Juan Yang
victoriacyanide@gmail.com Victoria C. Yan
Kelly.Tenhagen@nih.gov Liping Zhang
franz.villarroel@falp.org K. Cereceda
aitor.casas-sanchez@lstmed.ac.uk Aitor Casas-Sanchez
kchang@vet.ksu.edu Chamandi S. Dampalla
gsmith@novavax.com Matthew J Gorman
beme@ethz.ch Marie-Laure Fogeron
mathias1walter@bundeswehr.org Alexandra Rehn
nick@umass.edu Estee Y Cramer
pcurley@liverpool.ac.uk Paul Curley
gina.ogilvie@bccdc.ca Gina S. Ogilvie
chadrudnick@gmail.com Paul Gilbert
diana.hardie@uct.ac.za Oluwakemi Laguda Akingba
mfyles@turing.ac.uk Martyn Fyles
vahe.nafilyan@ons.gov.uk Vahé Nafilyan
amanda.gabster@lshtm.ac.uk Amanda Gabster
oochoa.tgn.ics@gencat.cat Angel Vila-Corcoles
tsbrown@mgh.harvard.edu Tyler S. Brown
Frederick.Ho@glasgow.ac.uk Frederick K Ho
alejandro.zuretti@downstate.edu Amir Momeni-Boroujeni
rqiao@med.usc.edu Justine J. Ko
mzhang2@bsu.edu Mengxi Zhang
ravihetal@gmail.com Ravindra Mehta
Ramy_ghazy@alexu.edu.eg Samar Abd ElHafeez
rrobinson@siumed.edu Robert Robinson
sophiev@hku.hk Carolyn A Cohen
mehul.s.suthar@emory.edu Venkata Viswanadh Edara
lukas.flatz@med.uni-tuebingen.de Tobias Sinnberg
rselvarangan@cmh.edu Todd Bradley
wanx@missouri.edu Cynthia Y. Tang
fitzgerald@jhmi.edu Kathryn C. Fitzgerald
rkg20@cam.ac.uk Dami A. Collier
kapoor@iit.edu Yi Zhang
wen-chih.wu@va.gov Tsikata Apenyo
abouqal@invivo.edu Jihane Belayachi
pegalan@nurs.uoa.gr Petros Galanis
zenq@med.uoeh-u.ac.jp Yoshihisa Fujino
perezpad@gmail.com Carmen Hernandez-Cardenas
oduwoleelizabeth@gmail.com Elizabeth O. Oduwole
mark.czeisler@fulbrightmail.org Mark É Czeisler
jessica_stockdale@sfu.ca Jessica E. Stockdale
mbetti@mta.ca Matthew Betti
kent.lai@hsc.utah.edu B Balakrishnan
cassiafestofolete@gmail.com Carolina Colombelli Pacca
tariq.daouda@gmail.com Tariq Daouda
u6025689@utah.edu Stephen A. Goldstein
ieva@sund.ku.dk Ieva Bagdonaite
martin.loewer@tron-mainz.de Barbara Schrörs
soham.gupta@ki.se Xi Chen
stammes@bprc.nl Annemiek Maaskant
michall@mail.huji.ac.il Moriya Slavin
czimmer@pasteur.fr Elena Rensen
jqiu@kumc.edu Wei Zou
oadebali@sabanciuniv.edu Cem Azgari
litmanen0316@yahoo.co.jp Motohiko Naito
mary.petrone@yale.edu Mary E. Petrone
david.navarro@uv.es Ignacio Torres
olechowski@mie.utoronto.ca S. Aryan Ghaffarizadeh
frederic.suffert@inrae.fr Frédéric Suffert
shibingcn1@126.com Chengdan Deng
krishnan.bhaskaran@lshtm.ac.uk Krishnan Bhaskaran
o.a.olajide@hud.ac.uk Olumayokun A Olajide
amanda.melin@ucalgary.ca Amanda D. Melin
hldu@scut.edu.cn Jerome Rumdon Lon
bbiswal@nii.ac.in Abhisek Dwivedy
m.vedadi@utoronto.ca Aliakbar Khalili Yazdi
info@molecularpartners.com Sylvia Rothenberger
katie.doores@kcl.ac.uk Carl Graham
mzanetti@health.ucsd.edu Andrea Castro
laleh.majlessi@pasteur.fr Min-Wen Ku
ywu8@gmu.edu Deemah Dabbagh
hellopragya22@gmail.com Pragya D Yadav
vincent.parissi@u-bordeaux.fr D. Lapaillerie
kami.pekayvaz@med.uni-muenchen.de Kami Pekayvaz
jint@ustc.edu.cn Huan Ma
alice.wittig@hpi.de Alice Wittig
gborgstahl@unmc.edu Janani Prahlad
boris.cheval@unige.ch Boris Cheval
raydonal@de.ufpe.br Giovani L. Vasconcelos
mtniles@uvm.edu Meredith T. Niles
aalhelali@seha.ae Abeer Ahmed AlHelali
catherine.porter@lancaster.ac.uk Catherine Porter
clee@resolvetosavelives.org Christopher T. Lee
masel@email.arizona.edu Joanna Masel
hdeleon@ectstar.eu H. De-Leon
maria.rescigno@hunimed.eu Riccardo Levi
viktor.vonwyl@uzh.ch Dominik Menges
dawwol@gmail.com Teklay Gebrecherkos
michael.marks@lshtm.ac.uk Katherine M Gaskell
jschiffe@fredhutch.org Daniel B Reeves
dimitri.diavatopoulos@radboudumc.nl Janeri Fröberg
dhruv.sareen@cshs.org Hanan Shaharuddin
hyun.shin@mass.gov Leonard Chiu
maravillas@cic.unam.mx Rodolfo Soria-Castro
mrsalazar@med.unlp.edu.ar Soledad E. González
david.stadelmann@uni-bayreuth.de Iván Aranzales
animora@berkeley.edu Ana M. Mora
sharrislovett@berkeley.edu Sasha Harris-Lovett
veerle.bergink@mssm.edu Nina M. Molenaar
paulo.mei@slmandic.edu.br Paulo Afonso Mei
stasc@nus.edu.sg Satarupa Bhattacharjee
ana.valdes@nottingham.ac.uk Simon Craxford
a.beggs@bham.ac.uk Susan E Manzoor
bosiljka.tadic@ijs.si Bosiljka Tadić
msjalali@mgh.harvard.edu Catherine DiGennaro
csaadroy@princeton.edu Chadi M. Saad-Roy
nicholas.davies@lshtm.ac.uk Nicholas G. Davies
m.hanly@unsw.edu.au Mark Hanly
alena.markmann@unchealth.unc.edu Alena J. Markmann
xavier.lescure@aphp.fr Francois-Xavier Lescure
fredrik.methi@fhi.no Fredrik Methi
Paul.Hunter@uea.ac.uk Paul R Hunter
robsonsant@gmail.com Ana Luiza Valle Martins
i.maidment@aston.ac.uk Ian Maidment
milenamarc@gmail.com Milena S. Marcolino
telle.olivier@gmail.com Telle Olivier
jessica.piasecki@ntu.ac.uk Georgie Bruinvels
stephen.x.zhang@gmail.com Xi Chen
dr.herwig.kollaritsch@gmail.com Iris Leister
debojyoti.chakraborty@igib.in Manoj Kumar
michael.bonsall@zoo.ox.ac.uk Michael B. Bonsall
Leander.Melms@uk-gm.de Leander Melms
leon.wang@concordia.ca Danlin Hou
felix.drexler@charite.de Verena Haage
giabbapj@miamioh.edu Junjiang Li
m.t.elliott@warwick.ac.uk Victoria Eshelby
francisco.abajo@uah.es Prof Francisco J. de Abajo
Liuh@NJhealth.org Haolin Liu
cwu@rowan.edu Cecylia S. Lupala
zhangzhigang@ynu.edu.cn Tao Zhang
ohadm@iibr.gov.il Tal Noy-Porat
alana.gerhardt@idri.org Alana Gerhardt
nlaufer@fmed.uba.ar Yésica Longueira
dparask@med.uoa.gr Evangelia Georgia Kostaki
lsalicho@nyit.edu Leonidas Salichos
philip.clarke@ndph.ox.ac.uk Raymond Duch
ken.nakata@hss.osaka-u.ac.jp Issei Ogasawara
derchick@jhu.edu Daniel J. Erchick
tsaito@k7.dion.ne.jp Akira Kokado
qingpeng.zhang@cityu.edu.hk Hanchu Zhou
Dgibso28@jhu.edu Dustin Gibson
ahernando@kidodynamics.com Alberto Hernando
gaof@im.ac.cn Baoying Huang
zhubingd@163.com Youjun Mi
celia.caillet-saguy@pasteur.fr Célia Caillet-Saguy
sptucker@firebrickpharma.com S.P. Tucker
amhashem@kau.edu.sa Sawsan S Alamri
huangjun@uchicago.edu Min Chen
maynard@che.utexas.edu Yimin Huang
fchen@wayne.edu Qian Zhang
johan.neyts@kuleuven.be Caroline S. Foo
oliver.dibben@astrazeneca.com Kathryn A. Ryan
kwatashi@nih.go.jp Hirofumi Ohashi
k-satchell@northwestern.edu George Minasov
xus@neb.com Shuang-yong Xu
adam.pickard@manchester.ac.uk Adam Pickard
apaul2@alumni.nd.edu Ayan Paul
florian.krammer@mssm.edu Florian Krammer
mcovasa@usm.ro Andrei Lobiuc
hunzikerp@swissnano.org Patrick Hunziker
o.sullivan@ucl.ac.uk Jonathan Gershuny
waickmaa@upstate.edu HengSheng Fang
hyung.chun@yale.edu Hyung J. Chun
virgiliofr@gmail.com Sebastian Iglesias-Osores
Justine.dol@dal.ca Justine Dol
s.kalliadasis@imperial.ac.uk Miguel A. Durán-Olivencia
bbahar@childrensnational.org Burak Bahar
emmanuel.demargerie@univ-rennes1.fr Emmanuel de Margerie
eivind.almaas@ntnu.no André Voigt
mnuno@ucdavis.edu Miriam Nuño
hayley.jones@bristol.ac.uk Hayley E Jones
christian.apfelbacher@med.ovgu.de Madlen Hörold
thomas.campbell@biodesix.com Thomas W. Campbell
mcgowald@wfu.edu Lucy D’Agostino McGowan
fbagusto@gmail.com Folashade B. Agusto
james.dodd@bristol.ac.uk F Hamilton
kkosaki@keio.jp Kodai Abe
pac6@cornell.edu Bonnie K Patchen
hae-young.kim@nyulangone.org Hae-Young Kim
Eckerle@hcuge.ch Marie Thérèse Ngo Nsoga
msajadi@ihv.umaryland.edu Saman Saadat
acox@jhmi.edu Andrew H. Karaba
robert.hufnagel@nih.gov Bin Guan
azizrodan@gmail.com Aziz Rodan Sarohan
skolnick@gatech.edu Courtney Astore
dirtrpvb@gmail.com P Azhahianambi
cmromano@usp.br Alvina Clara Felix
augusto.garcia@kom.tu-darmstadt.de Augusto Garcia-Agundez
junwan@iu.edu Shuyi Fang
chenhong1129@hotmail.com Liangjiang Huang
D.Watson@soton.ac.uk Daniella Watson
grayad@missouri.edu Caitlyn Cassimatis
mbarry@ksu.edu.sa Mazin Barry
ekropff@leloir.org.ar Andrea L. Pineda Rojas
n.peters@imperial.ac.uk Patrik Bachtiger
draishwaryav@gmail.com Aishwarya Venkataraman
Damon.Toth@hsc.utah.edu Damon J.A. Toth
cpaterson@somalogic.com Clare Paterson
Mohamed.Shokr@nyulangone.org Mohamed Shokr
mitchellsl5@upmc.edu Juan Luis Gomez Marti
chantal.vogels@yale.edu Chantal B.F. Vogels
pinar@isye.gatech.edu Daniel Kim
yoyoyo224@hotmail.com Takuma Hayashi
jarrod.zamparini@wits.ac.za Natalie Irwin
fatih.uckun@aresmit.com Vuong Trieu
pinar@isye.gatech.edu Akane B. Fujimoto
cheaney1@jhu.edu Christopher D. Heaney
tfriedri@wisc.edu Katarina M. Braun
huaiping@yorku.ca Jummy David
robert.flisiak1@gmail.com Robert Flisiak
elias98_99@yahoo.com Paul E Alexander
hunzikerp@swissnano.org Patrick Hunziker
patrick.trepanier@hema-quebec.qc.ca Carl Simard
o_caspi@rmc.gov.il Gil Caspi
joaodasc@gmail.com João Daniel S. Castro
Stephan.boeseoreilly@med.lmu.de Yvette Jegodka
mark.czeisler@fulbrightmail.org Mark É. Czeisler
kevin.brown@utoronto.ca Kevin A. Brown
